checked_at,name,min_price,departure_date,return_date,airline,offers_found
2026-09-28T13:35:10+00:00,Токио март,83719,2027-03-24,2027-04-06,3U,18
2026-09-28T13:35:10+00:00,Осака март,84852,2027-03-20,2027-04-01,HU,22
2026-09-28T14:25:45+00:00,Токио 12.03–14.03,70656,2027-03-12,2027-03-26,CZ,13
2026-09-28T14:25:45+00:00,Токио 15.03–19.03,74920,2027-03-15,2027-03-29,CZ,25
2026-09-28T14:25:45+00:00,Токио 20.03–21.03,83967,2027-03-21,2027-04-06,3U,20
2026-09-28T14:25:45+00:00,Токио 22.03–26.03,83719,2027-03-24,2027-04-06,3U,34
2026-09-28T14:25:45+00:00,Токио 27.03–28.03,81658,2027-03-28,2027-04-11,3U,8
2026-09-28T14:25:45+00:00,Токио 29.03–02.04,75795,2027-04-01,2027-04-14,CZ,24
2026-09-28T14:25:45+00:00,Токио 03.04–04.04,81705,2027-04-04,2027-04-16,3U,32
2026-09-28T14:25:45+00:00,Токио 05.04–09.04,76949,2027-04-07,2027-04-21,CA,24
2026-09-28T14:25:45+00:00,Токио 10.04–11.04,76949,2027-04-11,2027-04-25,CA,10
2026-09-28T14:25:45+00:00,Осака 12.03–14.03,69390,2027-03-12,2027-03-24,HU,23
2026-09-28T14:25:45+00:00,Осака 15.03–19.03,83243,2027-03-15,2027-03-29,CZ,18
2026-09-28T14:25:45+00:00,Осака 20.03–21.03,84852,2027-03-20,2027-04-01,HU,13
2026-09-28T14:25:45+00:00,Осака 22.03–26.03,89131,2027-03-22,2027-04-04,HU,24
2026-09-28T14:25:45+00:00,Осака 27.03–28.03,86709,2027-03-27,2027-04-12,CZ,6
2026-09-28T14:25:45+00:00,Осака 29.03–02.04,85809,2027-03-31,2027-04-14,CZ,29
2026-09-28T14:25:45+00:00,Осака 03.04–04.04,89717,2027-04-04,2027-04-18,CZ,21
2026-09-28T16:45:18+00:00,Токио 12.03–14.03,70632,2027-03-12,2027-03-26,CZ,13
2026-09-28T16:45:18+00:00,Токио 15.03–19.03,75619,2027-03-15,2027-03-27,CZ,25
2026-09-28T16:45:18+00:00,Токио 20.03–21.03,83436,2027-03-21,2027-04-06,3U,20
2026-09-28T16:45:18+00:00,Токио 22.03–26.03,83267,2027-03-23,2027-04-06,3U,34
2026-09-28T16:45:18+00:00,Токио 27.03–28.03,81678,2027-03-28,2027-04-11,3U,8
2026-09-28T16:45:18+00:00,Токио 29.03–02.04,75769,2027-04-01,2027-04-14,CZ,24
2026-09-28T16:45:18+00:00,Токио 03.04–04.04,81677,2027-04-04,2027-04-16,3U,20
2026-09-28T16:45:18+00:00,Токио 05.04–09.04,76968,2027-04-07,2027-04-21,CA,24
2026-09-28T16:45:18+00:00,Токио 10.04–11.04,76922,2027-04-11,2027-04-25,CA,10
2026-09-28T16:45:18+00:00,Осака 12.03–14.03,69390,2027-03-12,2027-03-24,HU,23
2026-09-28T16:45:18+00:00,Осака 15.03–19.03,83215,2027-03-15,2027-03-29,CZ,22
2026-09-28T16:45:18+00:00,Осака 20.03–21.03,84852,2027-03-20,2027-04-01,HU,13
2026-09-28T16:45:18+00:00,Осака 22.03–26.03,89131,2027-03-22,2027-04-04,HU,24
2026-09-28T16:45:18+00:00,Осака 27.03–28.03,86709,2027-03-27,2027-04-12,CZ,6
2026-09-28T16:45:18+00:00,Осака 29.03–02.04,85779,2027-03-31,2027-04-14,CZ,29
2026-09-28T16:45:18+00:00,Осака 03.04–04.04,89686,2027-04-04,2027-04-18,CZ,21
2026-09-28T23:16:25+00:00,Токио 12.03–14.03,69289,2027-03-12,2027-03-24,CZ,14
2026-09-28T23:16:25+00:00,Токио 15.03–19.03,74926,2027-03-15,2027-03-29,CZ,25
2026-09-28T23:16:25+00:00,Токио 20.03–21.03,83448,2027-03-21,2027-04-06,3U,20
2026-09-28T23:16:25+00:00,Токио 22.03–26.03,83309,2027-03-23,2027-04-06,3U,34
2026-09-28T23:16:25+00:00,Токио 27.03–28.03,79873,2027-03-27,2027-04-08,CZ,8
2026-09-28T23:16:25+00:00,Токио 29.03–02.04,75073,2027-03-30,2027-04-14,CZ,24
2026-09-28T23:16:25+00:00,Токио 03.04–04.04,81686,2027-04-04,2027-04-18,3U,20
2026-09-28T23:16:25+00:00,Токио 05.04–09.04,76512,2027-04-09,2027-04-23,CZ,24
2026-09-28T23:16:25+00:00,Токио 10.04–11.04,76975,2027-04-11,2027-04-25,CA,10
2026-09-28T23:16:25+00:00,Осака 12.03–14.03,69390,2027-03-12,2027-03-24,HU,21
2026-09-28T23:16:25+00:00,Осака 15.03–19.03,83286,2027-03-15,2027-03-29,CZ,22
2026-09-28T23:16:25+00:00,Осака 20.03–21.03,84852,2027-03-20,2027-04-01,HU,13
2026-09-28T23:16:25+00:00,Осака 22.03–26.03,89131,2027-03-22,2027-04-04,HU,34
2026-09-28T23:16:25+00:00,Осака 27.03–28.03,89964,2027-03-27,2027-04-12,CZ,6
2026-09-28T23:16:25+00:00,Осака 29.03–02.04,85838,2027-03-31,2027-04-14,CZ,23
2026-09-28T23:16:25+00:00,Осака 03.04–04.04,89747,2027-04-04,2027-04-18,CZ,19
2026-09-29T05:43:44+00:00,Токио 12.03–14.03,69289,2027-03-12,2027-03-24,CZ,14
2026-09-29T05:43:44+00:00,Токио 15.03–19.03,75067,2027-03-15,2027-03-29,CZ,25
2026-09-29T05:43:44+00:00,Токио 20.03–21.03,83448,2027-03-21,2027-04-06,3U,20
2026-09-29T05:43:44+00:00,Токио 22.03–26.03,83312,2027-03-26,2027-04-10,3U,34
2026-09-29T05:43:44+00:00,Токио 27.03–28.03,79873,2027-03-27,2027-04-08,CZ,8
2026-09-29T05:43:44+00:00,Токио 29.03–02.04,75073,2027-03-30,2027-04-14,CZ,24
2026-09-29T05:43:44+00:00,Токио 03.04–04.04,81402,2027-04-04,2027-04-18,3U,20
2026-09-29T05:43:44+00:00,Токио 05.04–09.04,76289,2027-04-07,2027-04-21,CA,24
2026-09-29T05:43:44+00:00,Токио 10.04–11.04,76289,2027-04-11,2027-04-25,CA,10
2026-09-29T05:43:44+00:00,Осака 12.03–14.03,69390,2027-03-12,2027-03-24,HU,21
2026-09-29T05:43:44+00:00,Осака 15.03–19.03,83932,2027-03-15,2027-03-31,CZ,25
2026-09-29T05:43:44+00:00,Осака 20.03–21.03,84852,2027-03-20,2027-04-01,HU,13
2026-09-29T05:43:44+00:00,Осака 22.03–26.03,89131,2027-03-22,2027-04-04,HU,27
2026-09-29T05:43:44+00:00,Осака 27.03–28.03,89964,2027-03-27,2027-04-12,CZ,6
2026-09-29T05:43:44+00:00,Осака 29.03–02.04,85838,2027-03-31,2027-04-14,CZ,23
2026-09-29T05:43:44+00:00,Осака 03.04–04.04,89748,2027-04-04,2027-04-18,CZ,23
2026-09-29T12:52:14+00:00,Токио 12.03–14.03,62436,2027-03-12,2027-03-25,CZ,14
2026-09-29T12:52:14+00:00,Токио 15.03–19.03,74830,2027-03-15,2027-03-29,CZ,25
2026-09-29T12:52:14+00:00,Токио 20.03–21.03,83448,2027-03-21,2027-04-06,3U,20
2026-09-29T12:52:14+00:00,Токио 22.03–26.03,83047,2027-03-25,2027-04-06,3U,34
2026-09-29T12:52:14+00:00,Токио 27.03–28.03,81401,2027-03-28,2027-04-11,3U,8
2026-09-29T12:52:14+00:00,Токио 29.03–02.04,75073,2027-03-30,2027-04-14,CZ,24
2026-09-29T12:52:14+00:00,Токио 03.04–04.04,80548,2027-04-04,2027-04-19,CZ,20
2026-09-29T12:52:14+00:00,Токио 05.04–09.04,75795,2027-04-08,2027-04-24,CA,24
2026-09-29T12:52:14+00:00,Токио 10.04–11.04,76170,2027-04-10,2027-04-25,CA,10
2026-09-29T12:52:14+00:00,Осака 12.03–14.03,69390,2027-03-12,2027-03-24,HU,21
2026-09-29T12:52:14+00:00,Осака 15.03–19.03,83932,2027-03-15,2027-03-31,CZ,40
2026-09-29T12:52:14+00:00,Осака 20.03–21.03,84467,2027-03-20,2027-04-01,HU,13
2026-09-29T12:52:14+00:00,Осака 22.03–26.03,88953,2027-03-25,2027-04-08,CZ,23
2026-09-29T12:52:14+00:00,Осака 27.03–28.03,88569,2027-03-28,2027-04-11,CZ,10
2026-09-29T12:52:14+00:00,Осака 29.03–02.04,84387,2027-03-31,2027-04-14,CZ,28
2026-09-29T12:52:14+00:00,Осака 03.04–04.04,88233,2027-04-04,2027-04-18,CZ,17
